SKU,Name,OEM Part Number,Category,Subcategory,Brand,Unit,Compatible Models,Serial Number Range,Warehouse,Rack,Bin Location,On Hand Qty,Reserved Qty,Available Qty,On Order Qty,Reorder Level,Safety Stock,Max Stock,Preferred Supplier,Supplier Code,Lead Time Days,Minimum Order Qty,Purchase Cost,Selling Price,GST Percent,Currency,Critical Part,Item Status,Stock Status
FLT-AIR-01,Air Filter Element,Manitou 563416,filters,Air Filter,Manitou,piece,MT-X 1440; MT-X 1840,All,WH-01,A-01,B-01,14,2,12,0,6,5,25,Manitou Parts Supplier,SUP-001,7,1,1250.0,1650.0,18,INR,No,Active,In stock
ELE-ALT-90A,Alternator 90A,Manitou 746120,electrical,Alternator,Manitou,piece,MT-X 1440; MT-X 1840,All,WH-01,E-02,B-03,1,1,0,4,3,2,8,ABC Auto Electricals,SUP-002,10,1,18500.0,23500.0,18,INR,Yes,Active,Low stock
FLT-CABIN-01,Cabin Air Filter,Manitou 525523,filters,Cabin Filter,Manitou,piece,MT-X 1440; MLT 735,All,WH-01,A-02,B-01,11,1,10,0,8,5,20,Manitou Parts Supplier,SUP-001,7,1,980.0,1350.0,18,INR,No,Active,In stock
ENG-SEAL-KIT,Engine Oil Seal Kit,MAN-OSK-001,engine,Seal Kit,OEM,kit,MT-X 1840,All,WH-01,C-01,B-02,11,3,8,0,6,4,15,Industrial Engine Spares,SUP-003,12,1,3200.0,4500.0,18,INR,Yes,Active,In stock
FST-WASH-10,Flat Washer 10mm,STD-M10-WASH,fasteners,Washer,Generic,piece,Universal,All,WH-01,F-01,B-10,2798,200,2598,1000,500,300,4000,Fastener House,SUP-004,3,100,2.5,4.0,18,INR,No,Active,In stock
ATT-FORK-1200,Forklift Fork 1200mm,MAN-FORK-1200,attachments,Fork,Manitou,piece,MI 25; MI 30; MI 35,All,WH-01,YARD-01,F-01,0,0,0,2,4,2,8,Manitou Attachments,SUP-005,21,1,42000.0,52000.0,18,INR,Yes,Active,Out of stock
FLT-FUEL-01,Fuel Filter,Manitou 706498,filters,Fuel Filter,Manitou,piece,MT-X 1440; MT-X 1840; MLT 735,All,WH-01,A-03,B-02,35,5,30,0,10,8,40,Manitou Parts Supplier,SUP-001,7,1,1450.0,1900.0,18,INR,Yes,Active,In stock
ELE-HEADLIGHT-LED,Headlight Assembly LED,MAN-HL-LED-01,electrical,Lighting,Manitou,piece,MT-X Series; MLT Series,All,WH-01,E-03,B-01,17,2,15,0,6,4,20,ABC Auto Electricals,SUP-002,10,1,6800.0,8500.0,18,INR,No,Active,In stock
HYD-HOSE-12,Hydraulic Hose 1/2in (per m),HYD-12-001,hydraulics,Hydraulic Hose,Generic,meter,Universal,All,WH-01,H-01,R-01,97,15,82,50,20,15,150,Hydraulic Solutions,SUP-006,5,10,650.0,850.0,18,INR,Yes,Active,In stock
HYD-FLT-OIL,Hydraulic Oil Filter Cartridge,MAN-HOF-001,hydraulics,Hydraulic Filter,Manitou,piece,MT-X 1440; MT-X 1840,All,WH-01,H-02,B-01,23,4,19,0,8,6,30,Manitou Parts Supplier,SUP-001,7,1,2850.0,3700.0,18,INR,Yes,Active,In stock
TIRE-28X9-15,Solid Tire 28x9-15,TYRE-28X9-15,tires,Solid Tire,OEM,piece,MI 25; MI 30,All,WH-01,TYRE-01,T-02,1,0,1,4,3,2,8,Industrial Tyres India,SUP-007,14,1,16500.0,20500.0,28,INR,Yes,Active,Low stock
ELE-STARTER-01,Starter Motor,MAN-START-001,electrical,Starter Motor,Manitou,piece,MT-X 1440; MT-X 1840,All,WH-01,E-04,B-02,1,1,0,2,3,2,6,ABC Auto Electricals,SUP-002,10,1,14800.0,19000.0,18,INR,Yes,Active,Low stock
